"ENFERMEDAD";"TIPO";"INCIDENCIA";"GRUPO ";"GASOMETRÍA";"GLUCOSA";"LACTATO";"LACT/PYR";"b-OH-BUT";"C. CETÓNICOS";"ORINA: ASPECTO, OLOR, COLOR";"ORINA: pH";"ELECTROLITOS";"AMONIO";"PERFIL HEPÁTICO";"PERFIL MUSCULAR";"URATO";"CALCIO";"FOSFATO";"AMINOÁCIDOS";"Cuerpos reductores";"SULFITEST";"HEMOGRAMA";"ÁCIDOS ORGÁNICOS";"GLICOSILACIÓN de PROTEÍNAS";"CARNITINA T y LIBRE";"Acil-Carnitinas";"ÁCIDOS GRASOS LIBRES";"Reacción de BRAND";"COAGULACIÓN";"ORÓTICO";"Lact (LCR)";"Sobrecarga I.V. Glucosa";"Prueba de EJERCICIO";"Prueba de AYUNO";"SUCCINIL-ACETONA";"a-FP";"N-Acetil-ASPARTATO ";" ÁCIDOS BILIARES (Cólico, pipecólico)";"Mucopolisacáridos";"Estudio de enfermedad peroxisomal (ácidos titánico y pristánico)";"d-ALA";"BIOPSIA";"MEDRO";"DIGESTIVO";"RESPIRATORIO";"HEPATOPATÍA";"NEUROPATÍA";"NEFROPATÍA";"CARDIOPATÍA";"OSTEO-ARTICULAR";"HEMATOLÓGICO";"DISMORFÍAS";"FACIAL";"PIEL-FANERAS";"OFTALMOLÓGICO";"SORDERA";"TRATAMIENTO"
;;;;"ESTUDIO METABÓLICO INICIAL";;;;;;;;;;;;;;;;;;;;;;;;;;;;;;;"ESTUDIO METABÓLICO AVANZADO";;;;;;;;;;;;;;;;;;;;;;
"Fenilcetonuria";;"1/10.000 ";;;;;;;;"Olor a moho";;;;;;;;;"Phe/Tyr > 3";;;;;;;;;;;;;;;;;;;;;;;;;;;;;;;;;;;;;;
"Fenilcetonuria";;"1/10.000 ";;;;;;;;"Olor rancio";;;;;;;;;"Phe/Tyr > 3";;;;;;;;;;;;;;;;;;;;;;;;;;;;;;;;;;;;;;
"Fenilcetonuria";;"1/10.000 ";;;;;;;;"Olor a ratón";;;;;;;;;"Phe/Tyr > 3";;;;;;;;;;;;;;;;;;;;;;;;;;;;;;;;;;;;;;
"Alcaptonuria";;"1/100.000";;;;;;;;"Oscura al exponerse a la luz, desaparece a pH alcalino";;;;;;;;;;"Positivos";;;"Ácido homogentísico";;;;;;;;;;;;;;;;;;;;;;;;;"Urolitiasis (estados avanzados)";"Valvulopatía";"Manifestaciones ósteo-articulares";;;;"Cerumen, secreciones ecrinas y apocrinas de color negro";;;
"Alcaptonuria (adulto)";;"1/100.000";;;;;;;;"Oscura al exponerse a la luz, desaparece a pH alcalino";;;;;;;;;;"Positivos";;;"Ácido homogentísico";;;;;;;;;;;;;;;;;;;;;;;;;"Urolitiasis (estados avanzados)";"Valvulopatía";"Artrosis";;;;"Oscurecimiento de la oreja ";"Puntos oscuros sobre la esclerótica y la córnea";;
"Alcaptonuria (adulto)";;"1/100.000";;;;;;;;"Oscura al exponerse a la luz, desaparece a pH alcalino";;;;;;;;;;"Positivos";;;"Ácido homogentísico";;;;;;;;;;;;;;;;;;;;;;;;;"Cálculos renales  (estados avanzados)";"Valvulopatía (mitral)";"Artritis";;;;"Oscurecimiento de la oreja ";"Puntos oscuros sobre la esclerótica y la córnea";;
"Alcaptonuria (adulto)";;"1/100.000";;;;;;;;"Oscura al exponerse a la luz, desaparece a pH alcalino";;;;;;;;;;"Positivos";;;"Ácido homogentísico";;;;;;;;;;;;;;;;;;;;;;;;;"Cálculos renales y prostáticos (estados avanzados)";"Coronariopatía";"Espondilitis";;;;"Oscurecimiento de la mejillas, nariz ";"Puntos oscuros sobre la esclerótica y la córnea";;
"Tirosiemia transitoria del recién nacido";;;;"NORMAL";;;;;;;;;;"ALTERADO/HIPERBILIRRUBINEMIA";;;;;"Tyr (plasma y orina): Elevada.";;;;;;;;;;"TP: BAJO";;;;;;"NORMAL";;;;;;;;;;;"INSUFICIENCIA HEPÁTICA";;;;;;;;"NORMAL";"NORMAL";;
"Tirosinemia tipo I (Tirosinemia hepato-renal)";;"1/100.000";;"NORMAL";"BAJA";"ELEVADO";;;;"Olor a repollo cocido/descompuesto (mantequilla rancia). ";;"Sodio: Bajo";;"ALTERADO/HIPERBILIRRUBINEMIA";;;;"BAJO/Hiperfosfaturia";"Met (plasma): Elevada.";"Glucosuria";;;"4-OH-Fenil-Pirúvico";;;;;;"TP: BAJO";;;;;;"Elevada (plasma y orina) ";"> 400.000 μg/L";;;;;"ELEVADO (orina)";;"FALLO";"ASCITIS";"Insuficiencia respiratoria";"ICTERICIA";"Letargia";"Sd. Renal de Fanconi";"HTA";"Raquitismo hipofosfatémico";"Tendencia al sangrado";;;;;;"Dietético (restringida de Phe+Tyr)"
"Tirosinemia tipo I (Tirosinemia hepato-renal)";;"1/100.000";;"NORMAL";"BAJA";"ELEVADO";;;;"Olor a repollo cocido/descompuesto (mantequilla rancia). ";;"Sodio: Bajo";;"ALTERADO/HIPERBILIRRUBINEMIA";;;;"BAJO/Hiperfosfaturia";"Met (plasma): Elevada.";"Glucosuria";;;"4-OH-Fenil-Pirúvico";;;;;;"TTPA: BAJO";;;;;;"Elevada (plasma y orina) ";"> 400.000 μg/L";;;;;"ELEVADO (orina)";;"FALLO";"ASCITIS";"Insuficiencia respiratoria";"FALLO HEPÁTICO AGUDO";"Letargia";"Sd. Renal de Fanconi";"HTA";"Raquitismo";"Tendencia al sangrado";;;;;;"Dietético (restringida de Phe+Tyr)"
"Tirosinemia tipo I (Tirosinemia hepato-renal)";;"1/100.000";;"NORMAL";"BAJA";"ELEVADO";;;;"Olor a repollo cocido/descompuesto (mantequilla rancia). ";;"Sodio: Bajo";;"ALTERADO/HIPERBILIRRUBINEMIA";;;;"BAJO/Hiperfosfaturia";"Tyr (plasma y orina): Elevada.";"Glucosuria";;;"4-OH-Fenil-Láctico";;;;;;"TP: BAJO";;;;;;"Elevada (plasma y orina) ";"> 400.000 μg/L";;;;;"ELEVADO (orina)";;"FALLO";"VÓMITOS";"Insuficiencia respiratoria";"HEPATOMEGALIA";"Irritabilidad";"NEFROMEGALIA";"Taquicardia";"Raquitismo";"COAGULOPATÍA";;;;;;"TRASPLANTE HEPÁTICO"
"Tirosinemia tipo I (Tirosinemia hepato-renal)";;"1/100.000";;"NORMAL";"BAJA";"ELEVADO";;;;"Olor a repollo cocido/descompuesto (mantequilla rancia). ";;"Sodio: Bajo";;"ALTERADO/HIPERBILIRRUBINEMIA";;;;"BAJO/Hiperfosfaturia";"Hiperaminoaciduria generalizada.";"Glucosuria";;;"4-OH-Fenil-Acético";;;;;;"TTPA: BAJO";;;;;;"Elevada (plasma y orina) ";"> 400.000 μg/L";;;;;"ELEVADO (orina)";;"FALLO";"ASCITIS";"Insuficiencia respiratoria";"ASCITIS";"Neuropatía periférica ";"Sd. Fanconi-like";"HTA";"Raquitismo";"COAGULOPATÍA";;;;;;"NTBC ((2-[Nitro-4 trifluoremetibenzoil]-1,3- ciclohexanediona))"
"Tirosinemia tipo I (Tirosinemia hepato-renal)";;"1/100.000";;"NORMAL";"BAJA";"ELEVADO";;;;"Olor a repollo cocido/descompuesto (mantequilla rancia). ";;"Fosfatemia: Baja.";;"ALTERADO/HIPERBILIRRUBINEMIA";;;;"BAJO/Hiperfosfaturia";"Met (plasma): Elevada.";"Glucosuria";;;"Succinil-Aceto-Acetato";;;;;;"TP: BAJO";;;;;;"Elevada (plasma y orina) ";"> 400.000 μg/L";;;;;"ELEVADO (orina)";;"FALLO";"Sangrado gastrointestinal";"Insuficiencia respiratoria";"Hepatopatía progresiva";"Neuropatía periférica porfiria-like ";"Disfunción tubular renal ";"Taquicardia";"Raquitismo";"Sangrado gastrointestinal";;;;;;"Dietético (restringida de Phe+Tyr)"
"Tirosinemia tipo I (Tirosinemia hepato-renal)";;"1/100.000";;"NORMAL";"NORMAL";"ELEVADO";;;;"Olor a repollo cocido/descompuesto (mantequilla rancia). ";;"Sodio: Bajo";;"ALTERADO/HIPERBILIRRUBINEMIA";;;;"BAJO/Hiperfosfaturia";"Tyr (plasma y orina): Elevada.";"Glucosuria";;;"Fumaril-Acetoacetato";;;;;;"TTPA: BAJO";;;;;;"Elevada (plasma y orina) ";"> 400.000 μg/L";;;;;"ELEVADO (orina)";;"FALLO";"EDEMAS";"Insuficiencia respiratoria";"CIRROSIS";"Crisis convulsivas";"Tubulopatía proximal";"HTA";"Raquitismo";"COAGULOPATÍA";;;;;;"TRASPLANTE HEPÁTICO"
"Tirosinemia tipo I (Tirosinemia hepato-renal)";;"1/100.000";;"NORMAL";"NORMAL";"ELEVADO";;;;"Olor a repollo cocido/descompuesto (mantequilla rancia). ";;"Sodio: Bajo";;"ALTERADO/HIPERBILIRRUBINEMIA";;;;"BAJO/Hiperfosfaturia";"Hiperaminoaciduria generalizada.";"Glucosuria";;;"Maleil-acetoacetato";;;;;;"TP: BAJO";;;;;;"Elevada (plasma y orina) ";"> 400.000 μg/L";;;;;"ELEVADO (orina)";;"FALLO";"ANASARCA";"Insuficiencia respiratoria";"Hepatoma: Carcinoma hepatocelular";"Opistótonos (Hiperextensión extrema de tronco y cuello)";"Sd. Renal de Fanconi";"Taquicardia";"Raquitismo";"COAGULOPATÍA";;;;;;"NTBC ((2-[Nitro-4 trifluoremetibenzoil]-1,3- ciclohexanediona))"
"Tirosinemia tipo II (Tirosinemia óculo-cutánea)";;;;"NORMAL";;;;;;;;;;;;;;;"Tyr: Elevada.";;;;"4-OH-Fenil-Pirúvico";;;;;;;;;;;;"NORMAL";;;;;;;;;;;;"Déficit mental leve";;;;;;;"Queratitis herpetiforme";"Lesiones";;
"Tirosinemia tipo II (Tirosinemia óculo-cutánea)";;;;"NORMAL";;;;;;;;;;;;;;;"Tyr: Elevada.";;;;"4-OH-Fenil-Láctico";;;;;;;;;;;;"NORMAL";;;;;;;;;;;;"Déficit mental leve";;;;;;;"Dermoqueratosis palmoplantar";"Lesiones";;
"Tirosinemia tipo II (Tirosinemia óculo-cutánea)";;;;"NORMAL";;;;;;;;;;;;;;;"Tyr: Elevada.";;;;"4-OH-Fenil-Acético";;;;;;;;;;;;"NORMAL";;;;;;;;;;;;"Déficit mental leve";;;;;;"Microcefalia";"Hiperqueratosis palmoplantar";"Úlceras corneales bilaterales";;
"Tirosinemia tipo II (Tirosinemia óculo-cutánea)";;;;"NORMAL";;;;;;;;;;;;;;;"Tyr: Elevada.";;;;"4-OH-Fenil-Pirúvico";;;;;;;;;;;;"NORMAL";;;;;;;;;;;;"Crisis paroxísticas ";;;;;;;"Dermoqueratosis palmoplantar";"Úlceras corneales bilaterales";;
"Tirosinemia tipo II (Tirosinemia óculo-cutánea)";;;;"NORMAL";;;;;;;;;;;;;;;"Tyr: Elevada.";;;;"4-OH-Fenil-Láctico";;;;;;;;;;;;"NORMAL";;;;;;;;;;;;"Conducta autodestructiva";;;;;;;"Dermoqueratosis palmoplantar";"Úlceras corneales bilaterales";;
"Tirosinemia tipo II (Tirosinemia óculo-cutánea)";;;;"NORMAL";;;;;;;;;;;;;;;"Tyr: Elevada.";;;;"4-OH-Fenil-Láctico";;;;;;;;;;;;"NORMAL";;;;;;;;;;;;"Conducta autodestructiva";;;;;;;"Erosiones acrales dolorosas";"Úlceras corneales bilaterales";;
"Tirosinemia tipo III (déficit de 4-HPPD)";;;;"NORMAL";;;;;;;;;;"NORMAL";;;;;"Tyr (plasma y LCR): Elevada.";;;;"4-OH-Fenil-Pirúvico";;;;;;"NORMAL";;;;;;;;;;;;;;;;;"NORMAL";"Retraso mental";"NORMAL";;;;;"Microcefalia";"NORMAL";"NORMAL";;
"Tirosinemia tipo III (déficit de 4-HPPD)";;;;"NORMAL";;;;;;;;;;"NORMAL";;;;;"Tyr (plasma y LCR): Elevada.";;;;"4-OH-Fenil-Láctico";;;;;;"NORMAL";;;;;;;;;;;;;;;;;"NORMAL";"Crisis convulsivas";"NORMAL";;;;;"Microcefalia";"NORMAL";"NORMAL";;
"Tirosinemia tipo III (déficit de 4-HPPD)";;;;"NORMAL";;;;;;;;;;"NORMAL";;;;;"Tyr (plasma y LCR): Elevada.";;;;"4-OH-Fenil-Acético";;;;;;"NORMAL";;;;;;;;;;;;;;;;;"NORMAL";"Retraso psicomotor";"NORMAL";;;;;"Microcefalia";"NORMAL";"NORMAL";;
"Tirosinemia tipo III (déficit de 4-HPPD)";;;;"NORMAL";;;;;;;;;;"NORMAL";;;;;"Tyr (plasma y LCR): Elevada.";;;;"4-OH-Fenil-Pirúvico";;;;;;"NORMAL";;;;;;;;;;;;;;;;;"NORMAL";"Ataxia";"NORMAL";;;;;"Microcefalia";"NORMAL";"NORMAL";;
"Tirosinemia tipo III (déficit de 4-HPPD)";;;;"NORMAL";;;;;;;;;;"NORMAL";;;;;"Tyr (plasma y LCR): Elevada.";;;;"4-OH-Fenil-Láctico";;;;;;"NORMAL";;;;;;;;;;;;;;;;;"NORMAL";"Conducta autodestructiva";"NORMAL";;;;;"Microcefalia";"NORMAL";"NORMAL";;
"Tirosinemia tipo III (déficit de 4-HPPD)";;;;"NORMAL";;;;;;;;;;"NORMAL";;;;;"Tyr (plasma y LCR): Elevada.";;;;"4-OH-Fenil-Pirúvico";;;;;;"NORMAL";;;;;;;;;;;;;;;;;"NORMAL";"Crisis paroxísticas";"NORMAL";;;;;"Microcefalia";"NORMAL";"NORMAL";;
"Tirosinemia tipo III (déficit de 4-HPPD)";;;;"NORMAL";;;;;;;;;;"NORMAL";;;;;"Tyr (plasma y LCR): Elevada.";;;;"4-OH-Fenil-Láctico";;;;;;"NORMAL";;;;;;;;;;;;;;;;;"NORMAL";"Hiperreflexia";"NORMAL";;;;;"Microcefalia";"NORMAL";"NORMAL";;
"Hawkinsinuria";;;;"Acidosis metabólica";;;;;;;;;;;;;;;;;;;"4‐OH‐ciclohexil‐acetato ";;;;;;;;;;;;;;;;;;;;"FALLO";;;;;;;;;;;;;;
"Hawkinsinuria";;;;"Acidosis metabólica";;;;;;;;;;;;;;;;;;;"4-OH-Fenil-Pirúvico";;;;;;;;;;;;;;;;;;;;"FALLO";;;;;;;;;;;;;;
;;;"ACIDOSIS ORGÁNICA";"Acidosis metabólica";;;;;"ELEVADOS";;;;;;;;;;;;;;;;;;;;;;;;;;;;;;;;;;;;;;"ATAXIA";;;;;;;;;;
"Enfermedad de la orina con olor a jarabe de arce (Forma clásica)";"Intoxicación";"1/60.000";"ACIDURIA ORGÁNICA";"Acidosis metabólica";"BAJA";;;;"ELEVADOS";"Olor a azúcar/caramelo quemado";;;;;;;;;"Leu, Ile, Val: Aumentadas.";;;;;;;;;;;;;;;;;;;;;;;;"FALLO";"Rechazo del alimento";;;"Letargia";;;;;;;;;;
"Enfermedad de la orina con olor a jarabe de arce (Forma clásica)";"Intoxicación";"1/60.000";"ACIDURIA ORGÁNICA";"Acidosis metabólica";"BAJA";;;;"ELEVADOS";"Olor a azúcar/caramelo quemado";;;;;;;;;"Leu, Ile, Val: Aumentadas.";;;;;;;;;;;;;;;;;;;;;;;;"FALLO";"Rechazo del alimento";;;"Opistótonos (Hiperextensión extrema de tronco y cuello)";;;;;;;;;;
"Enfermedad de la orina con olor a jarabe de arce (Forma clásica)";"Intoxicación";"1/60.000";"ACIDURIA ORGÁNICA";"Acidosis metabólica";"BAJA";;;;"ELEVADOS";"Olor a azúcar/caramelo quemado";;;;;;;;;"Leu, Ile, Val: Aumentadas.";;;;;;;;;;;;;;;;;;;;;;;;"FALLO";"Rechazo del alimento";;;"Movimientos de pedaleo o boxeo";;;;;;;;;;
"Enfermedad de la orina con olor a jarabe de arce (Forma clásica)";"Intoxicación";"1/60.000";"ACIDURIA ORGÁNICA";"Acidosis metabólica";"BAJA";;;;"ELEVADOS";"Olor a azúcar/caramelo quemado";;;;;;;;;"Leu, Ile, Val: Aumentadas.";;;;;;;;;;;;;;;;;;;;;;;;"FALLO";"Rechazo del alimento";;;"Crisis convulsivas";;;;;;;;;;
"Enfermedad de la orina con olor a jarabe de arce (Forma clásica)";"Intoxicación";"1/60.000";"ACIDURIA ORGÁNICA";"Acidosis metabólica";"BAJA";;;;"ELEVADOS";"Olor a azúcar/caramelo quemado";;;;;;;;;"Leu, Ile, Val: Aumentadas.";;;;;;;;;;;;;;;;;;;;;;;;"FALLO";"Rechazo del alimento";;;"EDEMA CEREBRAL";;;;;;;;;;
"Enfermedad de la orina con olor a jarabe de arce (Forma clásica)";"Intoxicación";"1/60.000";"ACIDURIA ORGÁNICA";"Acidosis metabólica";"BAJA";;;;"ELEVADOS";"Olor a azúcar/caramelo quemado";;;;;;;;;"Leu, Ile, Val: Aumentadas.";;;;;;;;;;;;;;;;;;;;;;;;"FALLO";"VÓMITOS";;;"HEMIPLEJÍA";;;;;;;;;;
"Enfermedad de la orina con olor a jarabe de arce (Forma clásica)";"Intoxicación";"1/60.000";"ACIDURIA ORGÁNICA";"Acidosis metabólica";"BAJA";;;;"ELEVADOS";"Olor a azúcar/caramelo quemado";;;;;;;;;"Leu, Ile, Val: Aumentadas.";;;;;;;;;;;;;;;;;;;;;;;;"FALLO";"VÓMITOS";;;"ATAXIA";;;;;;;;;;
"Enfermedad de la orina con olor a jarabe de arce (forma intermedia)";"Intoxicación";"1/60.000";"ACIDURIA ORGÁNICA";"Acidosis metabólica";"BAJA";;;;"ELEVADOS";"Olor a azúcar/caramelo quemado";;;;;;;;;"Leu, Ile, Val: Aumentadas.";;;;;;;;;;;;;;;;;;;;;;;;"FALLO";"VÓMITOS";;;"Deterioro neurológico progresivo";;;;;;;;;;" "
"Enfermedad de la orina con olor a jarabe de arce (forma intermedia)";"Intoxicación";"1/60.000";"ACIDURIA ORGÁNICA";"Acidosis metabólica";"BAJA";;;;"ELEVADOS";"Olor a azúcar/caramelo quemado";;;;;;;;;"Leu, Ile, Val: Aumentadas.";;;;;;;;;;;;;;;;;;;;;;;;"FALLO";"VÓMITOS";;;"Retraso psicomotor";;;;;;;;;;" "
"Enfermedad de la orina con olor a jarabe de arce (forma intermedia)";"Intoxicación";"1/60.000";"ACIDURIA ORGÁNICA";"Acidosis metabólica";"BAJA";;;;"ELEVADOS";"Olor a azúcar/caramelo quemado";;;;;;;;;"Leu, Ile, Val: Aumentadas.";;;;;;;;;;;;;;;;;;;;;;;;"FALLO";"VÓMITOS";;;"ATAXIA";;;;;;;;;;" "
"Enfermedad de la orina con olor a jarabe de arce (forma intermedia)";"Intoxicación";"1/60.000";"ACIDURIA ORGÁNICA";"Acidosis metabólica";"BAJA";;;;"ELEVADOS";"Olor a azúcar/caramelo quemado";;;;;;;;;"Leu, Ile, Val: Aumentadas.";;;;;;;;;;;;;;;;;;;;;;;;"FALLO";"VÓMITOS";;;"Crisis convulsivas";;;;;;;;;;" "
"Enfermedad de la orina con olor a jarabe de arce (forma intermitente)";"Intoxicación";"1/60.000";"ACIDURIA ORGÁNICA";"Acidosis metabólica";"BAJA";;;;"ELEVADOS";"Olor a azúcar/caramelo quemado";;;;;;;;;"Leu, Ile, Val: Aumentadas.";;;;;;;;;;;;;;;;;;;;;;;;"FALLO";"VÓMITOS";;;"Letargia";;;;;;;;;;" "
"Enfermedad de la orina con olor a jarabe de arce (forma intermitente)";"Intoxicación";"1/60.000";"ACIDURIA ORGÁNICA";"Acidosis metabólica";"BAJA";;;;"ELEVADOS";"Olor a azúcar/caramelo quemado";;;;;;;;;"Leu, Ile, Val: Aumentadas.";;;;;;;;;;;;;;;;;;;;;;;;"FALLO";"VÓMITOS";;;"Opistótonos (Hiperextensión extrema de tronco y cuello)";;;;;;;;;;" "
"Enfermedad de la orina con olor a jarabe de arce (forma intermitente)";"Intoxicación";"1/60.000";"ACIDURIA ORGÁNICA";"Acidosis metabólica";"BAJA";;;;"ELEVADOS";"Olor a azúcar/caramelo quemado";;;;;;;;;"Leu, Ile, Val: Aumentadas.";;;;;;;;;;;;;;;;;;;;;;;;"FALLO";"VÓMITOS";;;"Movimientos de pedaleo o boxeo";;;;;;;;;;" "
"Enfermedad de la orina con olor a jarabe de arce (forma intermitente)";"Intoxicación";"1/60.000";"ACIDURIA ORGÁNICA";"Acidosis metabólica";"BAJA";;;;"POSITIVOS";"Olor a azúcar/caramelo quemado";;;;;;;;;"Leu, Ile, Val: Aumentadas.";;;;;;;;;;;;;;;;;;;;;;;;"FALLO";"VÓMITOS";;;"Crisis convulsivas";;;;;;;;;;" "
"Enfermedad de la orina con olor a jarabe de arce (forma sensible a tiamina)";"Intoxicación";"1/60.000";"ACIDURIA ORGÁNICA";"Acidosis metabólica";"BAJA";;;;"POSITIVOS";"Olor a azúcar/caramelo quemado";;;;;;;;;"Leu, Ile, Val: Aumentadas.";;;;;;;;;;;;;;;;;;;;;;;;"FALLO";"VÓMITOS";;;"Deterioro neurológico progresivo";;;;;;;;;;"Tiamina"
"Enfermedad de la orina con olor a jarabe de arce (forma sensible a tiamina)";"Intoxicación";"1/60.000";"ACIDURIA ORGÁNICA";"Acidosis metabólica";"BAJA";;;;"ELEVADOS";"Olor a azúcar/caramelo quemado";;;;;;;;;"Leu, Ile, Val: Aumentadas.";;;;;;;;;;;;;;;;;;;;;;;;"FALLO";"VÓMITOS";;;"Retraso psicomotor";;;;;;;;;;"Tiamina"
"Enfermedad de la orina con olor a jarabe de arce (forma sensible a tiamina)";"Intoxicación";"1/60.000";"ACIDURIA ORGÁNICA";"Acidosis metabólica";"BAJA";;;;"ELEVADOS";"Olor a azúcar/caramelo quemado";;;;;;;;;"Leu, Ile, Val: Aumentadas.";;;;;;;;;;;;;;;;;;;;;;;;"FALLO";"VÓMITOS";;;"ATAXIA";;;;;;;;;;"Tiamina"
"Enfermedad de la orina con olor a jarabe de arce (forma sensible a tiamina)";"Intoxicación";"1/60.000";"ACIDURIA ORGÁNICA";"Acidosis metabólica";"BAJA";;;;"ELEVADOS";"Olor a azúcar/caramelo quemado";;;;;;;;;"Leu, Ile, Val: Aumentadas.";;;;;;;;;;;;;;;;;;;;;;;;"FALLO";"VÓMITOS";;;"Crisis convulsivas";;;;;;;;;;"Tiamina"
"Enfermedad de la orina con olor a jarabe de arce (forma atípica)";"Intoxicación";"1/60.000";"ACIDURIA ORGÁNICA";"Acidosis metabólica";"BAJA";;;;"ELEVADOS";"Olor a azúcar/caramelo quemado";;;;;;;;;"Leu, Ile, Val: Aumentadas.";;;;;;;;;;;;;;;;;;;;;;;;" ";" ";;;"Deterioro neurológico progresivo";;;;;;;;;;
"Acidemia iso-valérica (Acidemia 4-OH butírica)";"Intoxicación";;"ACIDURIA ORGÁNICA";;;;;;;"Olor a ""pies sudados""/""queso rancio""";;;;;;;;;;;;;;;;;;;;;;;;;;;;;;;;;;;;;;;;;"Episodios similares al ictus";;;;;;
"Acidemia metil-malónica";"Intoxicación";"1/50.000";"ACIDURIA ORGÁNICA";"Acidosis metabólica";"BAJA";"ELEVADO";;"ELEVADO";"ELEVADOS";;"ÁCIDO";;"ELEVADO";;;;;;"Ile, Val: Elevadas.";;;"Neutropenia";"Ácido metil-malónico";;" ";"Propionil-carnitina: Aumentada";;;;;;;;;;;;;;;;;;;;;"HEMIPLEJÍA";;;;"Episodios similares al ictus";;;;;;
"Acidemia metil-malónica";"Intoxicación";"1/50.000";"ACIDURIA ORGÁNICA";"Acidosis metabólica";"BAJA";"ELEVADO";;"ELEVADO";"ELEVADOS";;"ÁCIDO";;"ELEVADO";;;;;;"Ile, Val: Elevadas.";;;"Anemia megaloblástica";"Ácido metil-malónico";;" ";"Propionil-carnitina: Aumentada";;;;;;;;;;;;;;;;;;;;;"SÍNDROME EXTRAPIRAMIDAL";;;;"Episodios similares al ictus";;;;;;
"Acidemia metil-malónica";"Intoxicación";"1/50.000";"ACIDURIA ORGÁNICA";"Normal";"BAJA";"ELEVADO";;"ELEVADO";"ELEVADOS";;"ÁCIDO";;"ELEVADO";;;;;;"Ile, Val: Elevadas.";;;"Neutropenia";"Ácido metil-malónico";;" ";"Propionil-carnitina: Aumentada";;;;;;;;;;;;;;;;;;;;;"HEMIPLEJÍA";;;;"Episodios similares al ictus";;;;;;
"Acidemia metil-malónica";"Intoxicación";"1/50.000";"ACIDURIA ORGÁNICA";"Normal";"BAJA";"ELEVADO";;"ELEVADO";"ELEVADOS";;"ÁCIDO";;"ELEVADO";;;;;;"Ile, Val: Elevadas.";;;"Anemia megaloblástica";"Ácido metil-malónico";;" ";"Propionil-carnitina: Aumentada";;;;;;;;;;;;;;;;;;;;;"SÍNDROME EXTRAPIRAMIDAL";;;;"Episodios similares al ictus";;;;;;
"Acidemia metil-malónica";"Intoxicación";"1/50.000";"ACIDURIA ORGÁNICA";"Acidosis metabólica";"BAJA";"ELEVADO";;"ELEVADO";"ELEVADOS";;"ÁCIDO";;"ELEVADO";;;;;;"Ile, Val: Elevadas.";;;"Anemia megaloblástica";"Ácido metil-malónico";;" ";"Propionil-carnitina: Aumentada";;;;;;;;;;;;;;;;;;;;;"SÍNDROME EXTRAPIRAMIDAL";;;;"Episodios similares al ictus";;;;;;
"Acidemia metil-malónica";"Intoxicación";"1/50.000";"ACIDURIA ORGÁNICA";"Normal";"BAJA";"ELEVADO";;"ELEVADO";"ELEVADOS";;"ÁCIDO";;"ELEVADO";;;;;;"Ile, Val: Elevadas.";;;"Neutropenia";"Ácido metil-malónico";;" ";"Propionil-carnitina: Aumentada";;;;;;;;;;;;;;;;;;;;;"HEMIPLEJÍA";;;;"Episodios similares al ictus";;;;;;
"Acidemia metil-malónica";"Intoxicación";"1/50.000";"ACIDURIA ORGÁNICA";"Acidosis metabólica";"BAJA";"ELEVADO";;"ELEVADO";"ELEVADOS";;"ÁCIDO";;"ELEVADO";;;;;;"Ile, Val: Elevadas. Homocistinuria.  ";;;"Anemia megaloblástica";"Ácido metil-malónico";;" ";"Propionil-carnitina: Aumentada";;;;;;;;;;;;;;;;;;;;;"SÍNDROME EXTRAPIRAMIDAL";;;;"Episodios similares al ictus";;;;;;
"Acidemia metil-malónica";"Intoxicación";"1/50.000";"ACIDURIA ORGÁNICA";"Normal";"BAJA";"ELEVADO";;"ELEVADO";"ELEVADOS";;"ÁCIDO";;"ELEVADO";;;;;;"Ile, Val: Elevadas. Hipometioninemia. Homocistinuria.";;;"Neutropenia";"Ácido metil-malónico";;" ";"Propionil-carnitina: Aumentada";;;;;;;;;;;;;;;;;;;;;"HEMIPLEJÍA";;;;"Episodios similares al ictus";;;;;;
"Acidemia metil-malónica";"Intoxicación";"1/50.000";"ACIDURIA ORGÁNICA";"Normal";"BAJA";"ELEVADO";;"ELEVADO";"ELEVADOS";;"ÁCIDO";;"ELEVADO";;;;;;"Ile, Val: Elevadas. Hipometioninemia. Cistationinuria.";;;"Anemia megaloblástica";"Ácido metil-malónico";;" ";"Propionil-carnitina: Aumentada";;;;;;;;;;;;;;;;;;;;;"SÍNDROME EXTRAPIRAMIDAL";;;;"Episodios similares al ictus";;;;;;
"Acidemia propiónica";"Intoxicación";;"ACIDURIA ORGÁNICA";"Acidosis metabólica";;"ELEVADO";;"ELEVADO";"ELEVADOS";;;;"ELEVADO";;;;;;;;;"Pancitopenia";;;"Carnitina libre: Disminuída";"Propionil-carnitina: Aumentada";"Ácidos grasos de cadena impar: Aumentados";;;;;;;;;;;;;;;;;;;;"HEMIPLEJÍA";;;;"Episodios similares al ictus";;;;;;
"Acidemia propiónica";"Intoxicación";;"ACIDURIA ORGÁNICA";"Normal";;"ELEVADO";;"ELEVADO";"ELEVADOS";;;;"ELEVADO";;;;;;;;;"Pancitopenia";;;"Carnitina libre: Disminuída";"Propionil-carnitina: Aumentada";"Ácidos grasos de cadena impar: Aumentados";;;;;;;;;;;;;;;;;;;;"HEMIPLEJÍA";;;;"Episodios similares al ictus";;;;;;
"Acidemia propiónica";"Intoxicación";;"ACIDURIA ORGÁNICA";"Acidosis metabólica";;"ELEVADO";;"ELEVADO";"ELEVADOS";;;;"ELEVADO";;;;;;;;;"Pancitopenia";;;"Carnitina libre: Disminuída";"Propionil-carnitina: Aumentada";"Ácidos grasos de cadena impar: Aumentados";;;;;;;;;;;;;;;;;;;;"HEMIPLEJÍA";;;;"Episodios similares al ictus";;;;;;
"Acidemia propiónica";"Intoxicación";;"ACIDURIA ORGÁNICA";"Normal";;"ELEVADO";;"ELEVADO";"ELEVADOS";;;;"ELEVADO";;;;;;;;;"Pancitopenia";;;"Carnitina libre: Disminuída";"Propionil-carnitina: Aumentada";"Ácidos grasos de cadena impar: Aumentados";;;;;;;;;;;;;;;;;;;;"HEMIPLEJÍA";;;;"Episodios similares al ictus";;;;;;
"3 Metil-Crotonil-Glicinuria (Deficiencia de 3-metil-crotonil-CoA carboxilasa)";;"1/40.000 ";"ACIDURIA ORGÁNICA";;;;;;;"Olor a ""orina de gato""";;;;;;;;;;;;;;;;;;;;;;;;;;;;;;;;;;;;;;;;;;;;;;;
"Aciduria 3-metil-glutacónica";;;"ACIDURIA ORGÁNICA";;;;;;;;;;;;;;;;;;;;;;;;;;;;;;;;;;;;;;;;;;;;;;;;;;;;;;
"Aciduria 3-hidroxi-3-metil glutárica";;;"ACIDURIA ORGÁNICA";;;;;;;;;;;;;;;;;;;;;;;;;;;;;;;;;;;;;;;;;;;;;;;;;;;;;;
"Deficiencia de 2-metil-acetoacetil-CoA tiolasa";;;;;;;;;;;;;;;;;;;;;;;;;;;;;;;;;;;;;;;;;;;;;;;;;;;;;;;;;
"Aciduria 3-hidroxi-isobutírica";;;"ACIDURIA ORGÁNICA";;;;;;;;;;;;;;;;;;;;;;;;;;;;;;;;;;;;;;;;;;;;;;;;;;;;;;
"Deficiencia de biotinidasa";;;;;;;;;;;;;;;;;;;;;;;;;;;;;;;;;;;;;;;;;;;;;;;;;;;;;;;;;
"Deficiencia de holocarboxilasa sintetasa";;;;;;;;;;;;;;;;;;;;;;;;;;;;;;;;;;;;;;;;;;;;;;;;;;;;;;;;;
"Aciduria Glutárica tipo I";"Intoxicación";;"ACIDURIA ORGÁNICA";;;;;;;;;;;;;;;;;;;;;;" ";"Glutaril-carnitina: Aumentada";;;;;;;;;;;;;;;;;;;;;"SÍNDROME EXTRAPIRAMIDAL";;;;;;;;;;
"Aciduria Glutárica tipo II";;;;;;;;;;"Olor a ""pies sudados""/""queso rancio""";;;;;;;;;;;;;;;;;;;;;;;;;;;;;;;;;;;;;;;;;;;;;;;
"Aciduria 2-hidroxi-glutárica";;;"ACIDURIA ORGÁNICA";;;;;;;;;;;;;;;;;;;;;;;;;;;;;;;;;;;;;;;;;;;;;;;;;;;;;;
"Aciduria 2-metil-3-hidroxibutírica";;;"ACIDURIA ORGÁNICA";;;;;;;;;;;;;;;;;;;;;;;;;;;;;;;;;;;;;;;;;;;;;;;;;;;;;;
"Aciduria mevalónica";;;"ACIDURIA ORGÁNICA";;;;;;;;;;;;;;;;;;;;;;;;;;;;;;;;;;;;;;;;;;;;;;;;;;;;;;
"Enfermedad de Cannavan (Aciduria N-acetil-aspártica)";;;"ACIDURIA ORGÁNICA";;;;;;" ";;;;;;;;;;;;;;;;;;;;;;;;;;;;"PATOLÓGICO";;;;;;;;;;;;;;;;;;;;
"Hidroxi-cinureninuria";;;;;;;;;;;;;;;;;;;;;;;;;;;;;;;;;;;;;;;;;;;;;;;;;;;;;"Estomatitis crónica";"Fotosensibilidad";;;
"Hidroxi-cinureninuria";;;;;;;;;;;;;;;;;;;;;;;;;;;;;;;;;;;;;;;;;;;;;;;;;;;;;"Encías ulceradas";"Fotosensibilidad";;;
"Hidroxi-cinureninuria";;;;;;;;;;;;;;;;;;;;;;;;;;;;;;;;;;;;;;;;;;;;;;;;;;;;;"Gingivitis";"Fotosensibilidad";;;
"Aciduria xanturénica";;;;;;;;;;;;;;;;;;;;;;;;;;;;;;;;;;;;;;;;;;;;;;;;;;;;;" ";"Urticaria";;;
"Hiperoxaluria tipo II";;;;;;;;;;;;;;;;;;;;;;;;;;;;;;;;;;;;;;;;;;;;;;;;;;;;;;;;;
"Aciduria glicérica";;;;;;;;;;;;;;;;;;;;;;;;;;;;;;;;;;;;;;;;;;;;;;;;;;;;;;;;;
"Hiperglicemia no cetósica";;;"Aminoacidopatía";;;;;;;;;;;;;;;;;;;;;;;;;;;;;;;;;;;;;;;;;;;;;;;;;;;;;;
"Hiper-ornitinemia";;;"Aminoacidopatía";;;;;;;;;;;;;;;;;;;;;;;;;;;;;;;;;;;;;;;;;;;;;;;;;;;;;;
"Hiperfenilalaninemias";;;"Aminoacidopatía";;;;;;;;;;;;;;;;;;;;;;;;;;;;;;;;;;;;;;;;;;;;;;;;;;;;;;
"Histidinemia";;;"Aminoacidopatía";;;;;;;;;;;;;;;;;;;;;;;;;;;;;;;;;;;;;;;;;;;;;;;;;;;;;;
"Trastornos del metabolismo de la prolina e Hidroxiprolina";;;"Aminoacidopatía";;;;;;;;;;;;;;;;;;;;;;;;;;;;;;;;;;;;;;;;;;;;;;;;;;;;;;
"Hiperlisinemias";;;;;;;;;;;;;;;;;;;;;;;;;;;;;;;;;;;;;;;;;;;;;;;;;;;;;;;;;
"Trastornos de la degradación de la ß-alanina y del ácido 4-amnio-butírico";;;;;;;;;;;;;;;;;;;;;;;;;;;;;;;;;;;;;;;;;;;;;;;;;;;;;;;;;
"Cistationinuria";;;;;;;;;;;;;;;;;;;;;;;;;;;;;;;;;;;;;;;;;;;;;;;;;;;;;;;;;
"Deficiencia del Cofactor Molibdeno";;;;;;;;;;;;;;;;;;;;;;;;;;;;;;;;;;;;;;;;;;;;;;;;;;;;;;;;;
"Iminoglicinuria familiar";;;;;;;;;;;;;;;;;;;;;;;;;;;;;;;;;;;;;;;;;;;;;;;;;;;;;;;;;
"Hiperaminoaciduria dibásica";;;;;;;;;;;;;;;;;;;;;;;;;;;;;;;;;;;;;;;;;;;;;;;;;;;;;;;;;
"Enfermedad de Lowe";;;;;;;;;;;;;;;;;;;;;;;;;;;;;;;;;;;;;;;;;;;;;;;;;;;;;;;;;
"Déficit de sulfito-oxidasa";;;;;;"ELEVADO";;;;;;;;;;"BAJO";;;"Hct: Disminuída. Cistina: Disminuída. Tau: Elevada.";;"POSITIVO";;;;;;;"POSITIVO";;;;;;;;;;;;;;;"FALLO";"Problemas de succión-deglución.";;;"Convulsiones refractarias";"Litiasis renal";;;;"Microcefalia";"Rasgos faciales toscos";;"Luxación del cristalino";;
"Déficit de sulfito-oxidasa";;;;;;"NORMAL";;;;;;;;;;"BAJO";;;"Hct: Disminuída. Cistina: Disminuída. Tau: Elevada.";;"POSITIVO";;;;;;;"POSITIVO";;;;;;;;;;;;;;;"FALLO";"Problemas de succión-deglución.";;;"Ausencia de sostén cefálico";"Litiasis renal";;;;"Microcefalia";"Micrognatia";;"Luxación del cristalino";;
"Déficit de sulfito-oxidasa";;;;;;"ELEVADO";;;;;;;;;;"BAJO";;;"Hct: Disminuída. Cistina: Disminuída. Tau: Elevada.";;"POSITIVO";;;;;;;"POSITIVO";;;;;;;;;;;;;;;"FALLO";"Problemas de succión-deglución.";;;"Retraso mental severo";"Litiasis renal";;;;"Microcefalia";"Rasgos faciales toscos";;"Luxación del cristalino";;
"Déficit de sulfito-oxidasa";;;;;;"NORMAL";;;;;;;;;;"BAJO";;;"Hct: Disminuída. Cistina: Disminuída. Tau: Elevada.";;"POSITIVO";;;;;;;"POSITIVO";;;;;;;;;;;;;;;"FALLO";"Problemas de succión-deglución.";;;"Ausencia de sostén cefálico";"Litiasis renal";;;;"Microcefalia";"Micrognatia";;"Luxación del cristalino";;
"Déficit de sulfito-oxidasa";;;;;;"ELEVADO";;;;;;;;;;"BAJO";;;"Hct: Disminuída. Cistina: Disminuída. Tau: Elevada.";;"POSITIVO";;;;;;;"POSITIVO";;;;;;;;;;;;;;;"FALLO";"Problemas de succión-deglución.";;;"Retraso psicomotor";"Litiasis renal";;;;"Microcefalia";"Epicanto";;"Luxación del cristalino";;
"Déficit de sulfito-oxidasa";;;;;;"NORMAL";;;;;;;;;;"BAJO";;;"Hct: Disminuída. Cistina: Disminuída. Tau: Elevada.";;"POSITIVO";;;;;;;"POSITIVO";;;;;;;;;;;;;;;"FALLO";"Problemas de succión-deglución.";;;"Hipotonía axial";"Litiasis renal";;;;"Microcefalia";"Paladar hendido";;"Luxación del cristalino";;
"Déficit de sulfito-oxidasa";;;;;;"NORMAL";;;;;;;;;;"BAJO";;;"Hct: Disminuída. Cistina: Disminuída. Tau: Elevada.";;"POSITIVO";;;;;;;"POSITIVO";;;;;;;;;;;;;;;"FALLO";"Problemas de succión-deglución.";;;"Encefalopatia hipoxica-isquemica";"Litiasis renal";;;;"Microcefalia";"Paladar hendido";;"Luxación del cristalino";;
"Trimetil-aminuria";;;;;;;;;;"Olor a ""pescado podrido""";;;;;;;;;;;;;;;;;;;;;;;;;;;;;;;;;;;;;;;;;;;;;;;
"Dimetil-glicinuria";;;;;;;;;;"Olor a ""pescado podrido""";;;;;;;;;;;;;;;;;;;;;;;;;;;;;;;;;;;;;;;;;;;;;;;
"Acidosis láctica congénita";"ACIDOSIS LÁCTICA";;;"Acidosis metabólica";"NORMAL";"ELEVADO";;;"ELEVADOS";;;;;;;;;;"Tyr: Elevada.";;;;;;;;;;;;;;;;;;;;;;;;;;;;;;;;;;;;;;
"Acidura orótica hereditaria tipo II";;;;;;;;;;;;;;;;;;;;;;;"Orótico";;;;;;;;;;;;;;;;;;;;;;;;;;;;;;;;;;
;;;"Defecto de la b-oxidación de ácidos grasos";"Acidosis metabólica";"BAJA";"ELEVADO";;;"NEGATIVOS";;;;"ELEVADO";;;;;;;;;;;;;;;;;;;;;;;;;;;;;;;;;;;;;;;;;;;;
;;;"Defecto de la b-oxidación de ácidos grasos";"Normal";"BAJA";"ELEVADO";;;;;;;;;;;;;;;;;;;;;;;;;;;;;;;;;;;;;;;;;;;;;;;;;;;
;;;"Defecto de la cadena respiratoria";"Acidosis metabólica";"NORMAL";"ELEVADO";"ELEVADO";;;;;;;"ALTERADO";;;;;;;;;;;;;;;;;;"Aumento de Lact";;;;;;;;;;;;;;"HEPATOMEGALIA";;;;;;;;;;;
;;;"Defecto de la cadena respiratoria";"Acidosis metabólica";"BAJA";"ELEVADO";"ELEVADO";;;;;;;"ALTERADO";;;;;;;;;;;;;;;;;;"Aumento de Lact";;;;;;;;;;;;;;"HEPATOMEGALIA";;;;;;;;;;;
;;;"Defecto de la cadena respiratoria";"Cetoacidosis";"BAJA";"ELEVADO";"ELEVADO";;;;;;;"ALTERADO";;;;;;;;;;;;;;;;;;"Aumento de Lact";;;;;;;;;;;;;;"HEPATOMEGALIA";;;;;;;;;;;
;;;"Defecto de la cadena respiratoria";"Cetoacidosis";"NORMAL";"ELEVADO";"ELEVADO";;;;;;;"ALTERADO";;;;;;;;;;;;;;;;;;"Aumento de Lact";;;;;;;;;;;;;;"HEPATOMEGALIA";;;;;;;;;;;
"Déficit de a-1-antitripsina (AAT) ";;"1/2.500-1/10.000";;"Normal";"NORMAL";"NORMAL";;;"NEGATIVOS";;;;"NORMAL";"ALTERADO";;;;;;;;;;;;;;;;;;;;;;;;;;;;;;;;"HEPATOMEGALIA";;;;;;;;;;;
"Déficit de a-1-antitripsina (AAT) ";;"1/2.500-1/10.000";;"Normal";"NORMAL";"NORMAL";;;"NEGATIVOS";;;;"NORMAL";"ALTERADO";;;;;;;;;;;;;;;;;;;;;;;;;;;;;;;;"Ictericia colestásica";;;;;;;;;;;
"Miopatía mitocondrial";;;"Defecto de la cadena respiratoria";;;;;;;;;;;;;;;;;;;;;;;;;;;;;;"Aumento Lact > 4 mmol/L / Lac/Pyr > 20";;;;;;;;;;;;;;;;;;;;;;;;
"Deficiencia del complejo I";;;"Defecto de la cadena respiratoria";;;;;;;;;;;;;;;;;;;;;;;;;;;;;;;;;;;;;;;;;;;;;;;;;;;;;;
"Deficiencia del complejo II";;;"DEFICIENCIAS DEL METABOLISMO DEL PIRUVATO Y DE LA CADENA RESPIRATORIA MITOCONDRIAL";;;;;;;;;;;;;;;;;;;;;;;;;;;;;;;;;;;;;;;;;;;;;;;;;;;;;;
"Deficiencia del complejo III";;;"Defecto de la cadena respiratoria";;;;;;;;;;;;;;;;;;;;;;;;;;;;"> 4 mmol/L, LCR/plasma > 1";;;;;;;;;;;;;;;;"PATOLÓGICO";;;;;;;;;;
"Deficiencia del complejo IV";;;"Defecto de la cadena respiratoria";;;;;;;;;;;;;;;;;;;;;;;;;;;;"> 4 mmol/L, LCR/plasma > 1";;;;;;;;;;;;;;;;;;;;;;;;;;
"Depleción de mtDNA";;;"DEFICIENCIAS DEL METABOLISMO DEL PIRUVATO Y DE LA CADENA RESPIRATORIA MITOCONDRIAL";;;;;;;;;;;;;;;;;;;;;;;;;;;;;;;;;;;;;;;;;;;;;;;;;;;;;;
"Déficit del complejo Piruvato deshidrogenasa (PDH)";;;"DEFICIENCIAS DEL METABOLISMO DEL PIRUVATO Y DE LA CADENA RESPIRATORIA MITOCONDRIAL";"Acidosis metabólica";;;;;"NEGATIVOS";;;;;;;;;;;;;;;;;;;;;;"> 4 mmol/L, LCR/plasma > 1";;;;;;;;;;;;;;;;;;;;;;;;;;
"Deficiencia de fumarasa";;;"DEFICIENCIAS DEL METABOLISMO DEL PIRUVATO Y DE LA CADENA RESPIRATORIA MITOCONDRIAL";;;;;;;;;;;;;;;;;;;;;;;;;;;;;;;;;;;;;;;;;;;;;;;;;;;;;;
"Déficit de Piruvato Carboxilasa ";;;;;;;;;;;;;;;;;;;;;;;;;;;;;;;;;;;;;;;;;;"Fibroblastos";;;;;;;;;;;;;;;
"Enfermedad de Kerns-Sayre";;"Escasa";"Enfermedad mitocondrial";;;;;;;;;;;;;;;;;;;;;;;;;;;;;;;;;;;;;;;;;;;;;;;;;;;;;;
"Neuropatía hereditaria óptica de Leber (NOHL)";;"Escasa";"Enfermedad mitocondrial";;;;;;;;;;;;;;;;;;;;;;;;;;;;;;;;;;;;;;;;;;;;;;;;;;;;;;
"Encefalopatía mitocondrial, acidosis láctica y episodios similares al ictus(MELAS)";;"Escasa";"Enfermedad mitocondrial";;;;;;;;;;;;;;;;;;;;;;;;;;;;;;;;;;;;;;;;;;;;;;;;"Episodios similares al ictus";;;;;;
"Epilepsia mioclónica con fibras rojas rotas (MERF)";;"Escasa";"Enfermedad mitocondrial";;;;;;;;;;;;;;;;;;;;;;;;;;;;;;;;;;;;;;;;;;;;;;;;;;;;;;
;"Intoxicación. Presentación crónica";;"Alteraciones Ciclo de la Urea";"Acidosis metabólica ";"NORMAL";;;;;;;;"ELEVADO";;;;;;;;;;;;;;;;;;;;;;;;;;;;;;;;;;"EDEMA CEREBRAL";;;;"Episodios similares al ictus";;;;;;
;"Intoxicación. Presentación crónica";;"Alteraciones Ciclo de la Urea";"Alcalosis respiratoria ";"NORMAL";;;;;;;;"ELEVADO";;;;;;;;;;;;;;;;;;;;;;;;;;;;;;;;;;"EDEMA CEREBRAL";;;;"Episodios similares al ictus";;;;;;
;"Intoxicación. Presentación crónica";;"Alteraciones Ciclo de la Urea";"Acidosis metabólica";;;;;;;;;;;;;;;;;;;;;;;;;;;;;;;;;;;;;;;;;;;"HEMIPLEJÍA";;;;"Episodios similares al ictus";;;;;;
;"Intoxicación. Presentación crónica";;"Alteraciones Ciclo de la Urea";"Alcalosis respiratoria";;;;;;;;;;;;;;;;;;;;;;;;;;;;;;;;;;;;;;;;;;;"HEMIPLEJÍA";;;;"Episodios similares al ictus";;;;;;
"Deficiencia de Ornitín-transcarbamilasa (OTC)";"Intoxicación. Presentación crónica";"1/15.000";"Alteraciones Ciclo de la Urea";"Alcalosis respiratoria";;;;;;;;;"ELEVADO";"ALTERADO";;;;;"Gln y Ala: Elevadas. Citr, Arg, Orn: Disminuídas.";"Fructosuria";;;"Orótico";;;;;;;"Muy elevado";;;;;;;;;;;;"Hepática";;"Anorexia, bulimia";;"Síndrome de Reye";"Compromiso de conciencia, Excitación, sopor, Insomnio, somnolencia, irritabilidad, cefalea";;;;;;;;;;
"Citrulinemia. Deficiencia de Arginino-Succinato sintetasa (AAS) ";"Intoxicación";;"Alteraciones Ciclo de la Urea";"Alcalosis respiratoria";;;;;;;;;"MUY ELEVADO";;;;;;"Citr: Muy elevada. Gln, Met: Elevadas. Arg: Disminuída.";;;;"Orótico";;;;;;;"Elevado";;;;;;;;;;;;"Hepática. Fibroblastos";;;;;;;;;;;;;;;
"Deficiencia de Carbamoil-fosfato sintetasa (CPS)";"Intoxicación. Presentación crónica";;"Alteraciones Ciclo de la Urea";"Alcalosis respiratoria";;;;;;;;;"MUY ELEVADO";;;;;;"Gln y Ala: Elevadas. Citr, Arg, Orn: Disminuídas.";"Fructosuria";;;;;;;;;;"Normal";;;;;;;;;;;;"Hepática";;;;;;;;;;;;;;;
"Acidemia arginino-succínica. Deficiencia de Arginino-Succinato liasa (AAL)";"Intoxicación";;"Alteraciones Ciclo de la Urea";"Alcalosis respiratoria";;;;;;;;;"MUY ELEVADO";;;;;;"Citr: Elevada. Arg: Disminuída.";;;;"Orótico. Arginino-succínico: Elevados.";;;;;;;"Elevado";;;;;;;;;;;;"Hepática. Fibroblastos. Eritrocitos";;;;;;;;;;;;"Piel áspera";;;
"Acidemia arginino-succínica. Deficiencia de Arginino-Succinato liasa (AAL)";"Intoxicación";;"Alteraciones Ciclo de la Urea";"Alcalosis respiratoria";;;;;;;;;"MUY ELEVADO";;;;;;"Citr: Elevada. Arg: Disminuída.";;;;"Orótico. Arginino-succínico: Elevados.";;;;;;;"Elevado";;;;;;;;;;;;"Hepática. Fibroblastos. Eritrocitos";;;;;;;;;;;;"Tricorrexis nudosa";;;
"Deficiencia de N-Acetilglutamato sintetasa (NAGS)";"Intoxicación";;"Alteraciones Ciclo de la Urea";"Acidosis metabólica";;;;;;;;;"MUY ELEVADO";;;;;;"Gln y Ala: Elevadas.";;;;;;;;;;;"Normal";;;;;;;;;;;;"Hepática";;"Sintomatología gastrointestinal";;;"Sintomatología neurológica y psiquiátrica";;;;;;;;;;
"Deficiencia de N-Acetilglutamato sintetasa (NAGS)";"Intoxicación";;"Alteraciones Ciclo de la Urea";"Alcalosis respiratoria";;;;;;;;;"MUY ELEVADO";;;;;;"Gln y Ala: Elevadas.";;;;;;;;;;;"Normal";;;;;;;;;;;;"Hepática";;"Sintomatología gastrointestinal";;;"Sintomatología neurológica y psiquiátrica";;;;;;;;;;
"Deficiencia de Arginasa. Argininemia";;;"Alteraciones Ciclo de la Urea";"Acidosis metabólica/Alcalosis respiratoria";;;;;;;;;"MUY ELEVADO";;;;;;"Arg: Muy elevada.";;;;"Orótico";;;;;;;"Elevado";;;;;;;;;;;;"Hepática. Eritrocitos";;;;;;;;;;;;;;;
;;;"Ciclo de Krebs";;"NORMAL";"ELEVADO";;;;;;;" ";;;;;;;;;;;;;;;;;;;;;;;;;;;;;;;;;;;;;;;;;;;;
;"Enfermedad peroxisomal";;;;"NORMAL";"NORMAL";;;"NEGATIVOS";;;;;"ALTERADO";;;;;;;;;;;;;;;;;;;;;;;;;;;;;;;;"HEPATOMEGALIA";;;;;;;;;;;
;"Enfermedad peroxisomal";;;;"NORMAL";"NORMAL";;;"NEGATIVOS";;;;;"ALTERADO";;;;;;;;;;;;;;;;;;;;;;;;;;;;;;;;"Ictericia colestásica";;;;;;;;;;;
"Glucogenosis";"Enfermedad de depósito del glucógeno";;;;"BAJA";"ELEVADO";;;"ELEVADOS";;;;;;;"ELEVADO";;;;;;;;;;;;;;;;;;"Aumento: Hipoglucemia, Lactato, c.cetónicos, urato";;;;;;;;;;;;;;;;;;;;;;;
"Deficiencia de Fructosa 1,6 bifosfatasa";;;;;;;;;;;;;;;;;;;;;;;;;;;;;;;;;;;;;;;;;;;;;;;;;;;;;;;;;
"Déficit de Glicosilalión de proteínas";;;;;;;;;;;;;;;;;;;;;;;;"ALTERADAS";;;;;;;;;;;;;;;;;;;;;;;;;;;"Episodios similares al ictus";;;;;;
"Déficit de GH";;;;;"BAJA";;;"NORMAL";;;;;;;;;;;;;;;;;;;;;;;;;;;;;;;;;;;"Estatura baja";;;;;;;;;;;;;;
"Déficit de Hidroxi-Metil-Glutaril CoA Liasa (HMGCoA L)";"Intoxicación";;"ACIDOSIS ORGÁNICA";"Acidosis metabólica";"BAJA";;;;"NEGATIVOS";;;;"ELEVADO";;;;;;;;;;;;;;;;;;;;;;;;;;;;;;;"VÓMITOS";"HIPERVENTILACIÓN (acidosis metabólica)";;"ENCEFALOPATÍA";;;;"Episodios similares al ictus";;;;;;
"Déficit de Hidroxi-Metil-Glutaril CoA Liasa (HMGCoA L)";"Intoxicación";;"ACIDOSIS ORGÁNICA";"Acidosis metabólica";"BAJA";;;;"NEGATIVOS";;;;"ELEVADO";;;;;;;;;;;;;;;;;;;;;;;;;;;;;;;"VÓMITOS";"HIPERVENTILACIÓN (acidosis metabólica)";;"Letargia";;;;"Episodios similares al ictus";;;;;;
"Déficit de Hidroxi-Metil-Glutaril CoA Liasa (HMGCoA L)";"Intoxicación";;"ACIDOSIS ORGÁNICA";"Acidosis metabólica";"BAJA";;;;"NEGATIVOS";;;;"ELEVADO";;;;;;;;;;;;;;;;;;;;;;;;;;;;;;;"VÓMITOS";"HIPERVENTILACIÓN (acidosis metabólica)";;"FLACIDEZ";;;;"Episodios similares al ictus";;;;;;
"Enfermedad de Hartnup";;;;;;;;;;;;;;;;;;;"Trp (plasma): Disminuido.";;;;;;;;;;;;;;;;;;;;;;;;"FALLO";;;;"ATAXIA";"Disfunción tubular renal";;;"Leucodistrofia de célula globoide";;;"Erupción cutanea eritemato-escamosa";"Alteraciones en la visión";;
"Enfermedad de Hartnup";;;;;;;;;;;;;;;;;;;"Trp (orina): Aumentado.";;;;;;;;;;;;;;;;;;;;;;;;;;;;"Enfermedad psiquiátrica ";"Disfunción tubular renal";;;;;;"Fotosensibilidad";;;
"Enfermedad de Hartnup";;;;;;;;;;;;;;;;;;;"Aminoaciduria: Ala, Asn, Gln, Thr, Ser, Aa ramificados (Val, Ile, Leu), Trip, Tyr, Phe, Hys, Cit";;;;;;;;;;;;;;;;;;;;;;;;;;;;"Déficit mental leve";"Disfunción tubular renal";;;;;;"Dermatitis pelagroide";;;
"Enfermedad de Hartnup";;;;;;;;;;;;;;;;;;;"Aminoaciduria: Ala, Asn, Gln, Thr, Ser, Aa ramificados (Val, Ile, Leu), Trip, Tyr, Phe, Hys, Cit";;;;;;;;;;;;;;;;;;;;;;;;;"Alteraciones gastrointestinales";;;"Cambios en el estado de ánimo";"Disfunción tubular renal";;;;;;"Prurito";;;
"Cistinuria clásica";;;"Aminoácidopatía";;;;;;;;;;;;;;;;;;;;;;;;;;;;;;;;;;;;;;;;;;;;;;;;;;;;;;
"Cistinuria aislada";;;"Aminoácidopatía";;;;;;;;;;;;;;;;;;;;;;;;;;;;;;;;;;;;;;;;;;;;;;;;;;;;;;
"Cistinosis";;;"Aminoácidopatía";;;;;;;;;;;;;;;;;;;;;;;;;;;;;;;;;;;;;;;;;;;;;;;;;;;;;;
"Enfermedad de Wilson";;;;;;;;;;;;;;;;;;;"Tyr: Elevada.";;;;;;;;;;;;;;;;;;;;;;;;;;;"FALLO HEPATO CELULAR";"SÍNDROME EXTRAPIRAMIDAL";"Disfunción tubular renal";;;;;;;;;
"Intolerancia hereditaria a la fructosa";"Intoxicación";;;"Acidosis metabólica";"BAJA";"ELEVADO";;;"ELEVADOS";;;;;"ALTERADO";;;;;"Tyr: Elevada.";;;;;;;;;;;;;;;;;;;;;;;;;;;"HEPATOMEGALIA";;"Disfunción tubular renal ";;;;;;;;;
"Intolerancia hereditaria a la fructosa";"Intoxicación";;;"Acidosis metabólica";"NORMAL";"ELEVADO";;;"NEGATIVOS";;;;;"ALTERADO";;;;;"Tyr: Elevada.";;;;;;;;;;;;;;;;;;;;;;;;;;;"FALLO HEPATO CELULAR";;"Disfunción tubular renal ";;;;;;;;;
"Intolerancia hereditaria a la fructosa";"Intoxicación";;;"Cetoacidosis";"BAJA";"ELEVADO";;;"ELEVADOS";;;;;"ALTERADO";;;;;"Tyr: Elevada.";;;;;;;;;;;;;;;;;;;;;;;;;;;"HEPATOMEGALIA";;"Disfunción tubular renal ";;;;;;;;;
"Intolerancia hereditaria a la fructosa";"Intoxicación";;;"Cetoacidosis";"NORMAL";"ELEVADO";;;"NEGATIVOS";;;;;"ALTERADO";;;;;"Tyr: Elevada.";;;;;;;;;;;;;;;;;;;;;;;;;;;"FALLO HEPATO CELULAR";;"Disfunción tubular renal ";;;;;;;;;
;;;"GLUCONEOGÉNESIS";"Acidosis metabólica";"BAJA";"ELEVADO";;;"ELEVADOS";;;;;;;;;;;;;;;;;;;;;;;;;;;;;;;;;;;;;;;;;;;;;;;;
"Galactosemia clásica (Deficiencia de galactosa-1-fosfato uridil transferasa)";"Intoxicación";"1/40.000";"Galactosemia";"Acidosis metabólica";"BAJA";"ELEVADO";;;"NEGATIVOS";;;;;"ALTERADO";;;;;"Tyr: Elevada.";"POSITIVOS";;;;"Deficiencia tipo Ib (deficiencia de fosfomanosa isomerasa)";;;;;"Alterada";;;;;;;;;;;;;;"FALLO";"Rechazo del alimento";;"HEPATOMEGALIA";"Ausencia de sostén cefálico";"Disfunción tubular renal ";;;;;"Fascies triste";"Coloración pálido-sucia de piel ";"Cataratas";;
"Galactosemia clásica (Deficiencia de galactosa-1-fosfato uridil transferasa)";"Intoxicación";"1/40.000";"Galactosemia";"Acidosis metabólica";"NORMAL";"ELEVADO";;;"ELEVADOS";;;;;"ALTERADO";;;;;"Tyr: Elevada.";"POSITIVOS";;;;"Normal";;;;;;;;;;;;;;;;;;;"FALLO";"VÓMITOS";;"FALLO HEPATO CELULAR";"Hipotonía axial";"Disfunción tubular renal ";;;;;"Fascies triste";"Coloración pálido-sucia de piel ";"Cataratas";;
"Galactosemia clásica (Deficiencia de galactosa-1-fosfato uridil transferasa)";"Intoxicación";"1/40.000";"Galactosemia";"Cetoacidosis";"BAJA";"ELEVADO";;;"ELEVADOS";;;;;"ALTERADO";;;;;"Tyr y Met: Elevada.";"POSITIVOS";;;;"Deficiencia tipo Ib (deficiencia de fosfomanosa isomerasa)";;;;;"Alterada";;;;;;;;;;;;;;"FALLO";"Rechazo del alimento";;"FALLO HEPATO CELULAR";"Somnolencia";"Disfunción tubular renal ";;;;;"Fascies triste";"Coloración pálido-sucia de piel ";"Cataratas";;
"Galactosemia clásica (Deficiencia de galactosa-1-fosfato uridil transferasa)";"Intoxicación";"1/40.000";"Galactosemia";"Cetoacidosis";"NORMAL";"ELEVADO";;;"NEGATIVOS";;;;;"ALTERADO";;;;;"Tyr y Met: Elevada.";"POSITIVOS";;;;"Normal";;;;;;;;;;;;;;;;;;;"FALLO";"VÓMITOS";;"HEPATOMEGALIA";"Apatía";"Disfunción tubular renal ";;;;;"Fascies triste";"Coloración pálido-sucia de piel ";"Cataratas";;
"Galactosemia clásica (Deficiencia de galactosa-1-fosfato uridil transferasa)";"Intoxicación";"1/40.000";"Galactosemia";"Cetoacidosis";"NORMAL";"ELEVADO";;;"NEGATIVOS";;;;;"ALTERADO";;;;;"Tyr y Met: Elevada.";"POSITIVOS";;;;"Normal";;;;;;;;;;;;;;;;;;;"FALLO";"VÓMITOS";;"HEPATOMEGALIA";"Movimientos anormales";"Disfunción tubular renal ";;;;;"Fascies triste";"Coloración pálido-sucia de piel ";"Cataratas";;
"Galactosemia clásica (Deficiencia de galactosa-1-fosfato uridil transferasa)";"Intoxicación";"1/40.000";"Galactosemia";"Acidosis metabólica compensada";"NORMAL";;;;;;;;;"NORMAL";;;;;"Tyr: Elevada.";"POSITIVOS";;;;"Deficiencia tipo Ib (deficiencia de fosfomanosa isomerasa)";;;;;"Alterada";;;;;;;;;;;;;;"FALLO";"Rechazo del alimento";;"HEPATOMEGALIA";"Llanto débil";"Disfunción tubular renal ";;;;;"Fascies triste";"Coloración pálido-sucia de piel ";"Cataratas";;
"Galactosemia clásica (Deficiencia de galactosa-1-fosfato uridil transferasa)";"Intoxicación";"1/40.000";"Galactosemia";"Acidosis metabólica compensada";"NORMAL";;;;;;;;;"NORMAL";;;;;"Tyr: Elevada.";"POSITIVOS";;;;"Deficiencia tipo Ib (deficiencia de fosfomanosa isomerasa)";;;;;"Alterada";;;;;;;;;;;;;;"FALLO";"Rechazo del alimento";;"HEPATOMEGALIA";"Encefalopatía";"Disfunción tubular renal ";;;;;"Fascies triste";"Coloración pálido-sucia de piel ";"Cataratas";;
"Galactosemia clásica (Deficiencia de galactosa-1-fosfato uridil transferasa)";"Intoxicación";"1/40.000";"Galactosemia";"Acidosis metabólica compensada";"NORMAL";;;;;;;;;"NORMAL";;;;;"Tyr: Elevada.";"POSITIVOS";;;;"Deficiencia tipo Ib (deficiencia de fosfomanosa isomerasa)";;;;;"Alterada";;;;;;;;;;;;;;"FALLO";"Rechazo del alimento";;"HEPATOMEGALIA";"Crisis convulsivas";"Disfunción tubular renal ";;;;;"Fascies triste";"Coloración pálido-sucia de piel ";"Cataratas";;
"Galactosemia clásica (Deficiencia de galactosa-1-fosfato uridil transferasa)";"Intoxicación";"1/40.000";"Galactosemia";"Acidosis metabólica compensada";"BAJA";;;;;;;;;"Bilirrubina conjugada elevada";;;;;"Tyr: Elevada.";"POSITIVOS";;;;"Normal";;;;;;;;;;;;;;;;;;;"FALLO";"VÓMITOS";;"HEPATOMEGALIA";"Succión débil";"Disfunción tubular renal ";;;;;"Fascies triste";"Coloración pálido-sucia de piel ";"Cataratas";;
"Galactosemia clásica (Deficiencia de galactosa-1-fosfato uridil transferasa)";"Intoxicación";"1/40.000";"Galactosemia";"Acidosis metabólica compensada";"BAJA";;;;;;;;;"Bilirrubina conjugada elevada";;;;;"Tyr: Elevada.";"POSITIVOS";;;;"Normal";;;;;"Alterada";;;;;;;;;;;;;;"FALLO";"VÓMITOS";;"HEPATOMEGALIA";"Retraso mental";"Disfunción tubular renal ";;;;;"Fascies triste";"Coloración pálido-sucia de piel ";"Cataratas";;
"Deficiencia de galactoquinasa";;;"Galactosemia";;;;;;;;;;;;;;;;;;;;;;;;;;;;;;;;;;;;;;;;;;;;;;;;;;;;;;
"Deficiencia de UDP galactosa-4-epimerasa";;;"Galactosemia";;;;;;;;;;;;;;;;;;;;;;;;;;;;;;;;;;;;;;;;;;;;;;;;;;;;;;
"Glucogenosis tipo I";;;;;;;;;;;;;;;;;;;"Tyr: Elevada.";;;;;;;;;;;;;"Disminución de Lact";;;;;;;;;;;;;;"FALLO HEPATO CELULAR";;"Disfunción tubular renal ";;;;;;;;;
"Hiperornitinemia con Hiperamoniemia y Homocitrulinuria (HHH)";;;"Aminoacidopatía";;"NORMAL";;;;;;;;"ELEVADO";;;;;;;;;;;;;;;;;;;;;;;;;;;;;;;;;;;;;;;;;;;;
"Hipermetionemia";;;"Aminoacidopatía";;;;;;;"Olor a repollo cocido/descompuesto (mantequilla rancia). ";;;;;;;;;"Met: Elevada.";;;;;;;;;;;;;;;;;;;;;;;;;;;;;;;;;;;;;;
"Homocistinuria clásica";;"1/2000.000";"Aminoacidopatía";;;;;;;;;;;;;;;;" Hcy y Met: Elevada. Cistationina: Disminuída.";;;;;;;;;;;;;;;;;;;;;;;;"TALLA ALTA";;;;"Déficit mental leve";;;"Osteoporois";"Tromboembolismo";"Extremidades largas";;;"Luxación del cristalino (dirección inferior)";;
"Homocistinuria clásica";;"1/2000.000";"Aminoacidopatía";;;;;;;;;;;;;;;;" Hcy y Met: Elevada. Cistationina: Disminuída.";;;;;;;;;;;;;;;;;;;;;;;;"TALLA ALTA";;;;"Conducta esquizoide";;;"Osteoporois";"Tromboembolismo";"Aracnodactilia";;;"Luxación del cristalino (dirección inferior)";;
"Homocistinuria clásica";;"1/2000.000";"Aminoacidopatía";;;;;;;;;;;;;;;;" Hcy y Met: Elevada. Cistationina: Disminuída.";;;;;;;;;;;;;;;;;;;;;;;;"TALLA ALTA";;;;"Crisis convulsivas";;;"Osteoporois";"Tromboembolismo";"Aracnodactilia";;;"Luxación del cristalino (dirección inferior)";;
"Homocistinuria";;;"Aminoacidopatía";;;;;;;;;;;;;;;;;;;;;;;;;;;;;;;;;;;;;;;;;;;;"SÍNDROME EXTRAPIRAMIDAL";;;;"Episodios similares al ictus";;"Rubicundez";"Pelo rubio y áspero";;;
"Homocistinuria";;;"Aminoacidopatía";;;;;;;;;;;;;;;;;;;;;;;;;;;;;;;;;;;;;;;;;;;;"SÍNDROME EXTRAPIRAMIDAL";;;;"Episodios similares al ictus";;"Rubicundez";"Encanecimiento precoz";;;
"Intolerancia a las proteínas con lisinuria (LPI)";;;"Aminoacidopatía";;"NORMAL";;;;;;;;"ELEVADO";;;;;;;;;;;;;;;;;;;;;;;;;;;;;;;;;;;;;;;;;;;;
"Porfiria";;;;;;;;;;;;;;;;;;;;;;;;;;;;;;;;;;;;;;;;;;;;;;;;;;;;;;;;;
"Osteogénesis imperfecta  (autosómica dominante)";;"1/5.000-1/10.000 ";;;;;;;;;;;;;;;;;;;;;;;;;;;;;;;;;;;;;;;;;;;;;;;;;;;;;;;
"Enfermedad de Marfan";;"1/10.000-1/20.000 ";;;;;;;;;;;;;;;;;;;;;;;;;;;;;;;;;;;;;;;;;"TALLA ALTA";;;;;;;;;"Extremidades largas";;;"Luxación del cristalino (dirección superior)";;
"Enfermedad de Marfan";;"1/10.000-1/20.000 ";;;;;;;;;;;;;;;;;;;;;;;;;;;;;;;;;;;;;;;;;"TALLA ALTA";;;;;;;;;"Aracnodactilia";;;"Luxación del cristalino (dirección superior)";;
"Gangliosidosis GM1";"Enfermedad de depósito (LISOSOMAL)";;"Esfingolipidosis";;;;;;;;;;;;;;;;;;;;;;;;;;;;;;;;;;;;;;;;;;;;;;;;;;;;;;
"Enfermedad de Tay-Sachs (Gangliosidosis GM2)";"Enfermedad de depósito (LISOSOMAL)";"1/3.000 judíos Ashkenazi ";"Esfingolipidosis";;;;;;;;;;;;;;;;;;;;;;;;;;;;;;;;;;;;;;;;;;;;;;;;;;;;"Mancha rojo-cereza";;
"Gangliosidosis GM2 variante B1";"Enfermedad de depósito (LISOSOMAL)";;"Esfingolipidosis";;;;;;;;;;;;;;;;;;;;;;;;;;;;;;;;;;;;;;;;;;;;;;;;;;;;;;
"Enfermedad de Sandhoff (Gangliosidodis GM2)";"Enfermedad de depósito (LISOSOMAL)";;"Esfingolipidosis";;;;;;;;;;;;;;;;;;;;;;;;;;;;;;;;;;;;;;;;;;;;;;;;;;;;;;
"Gangliosisdosis GM2 por déficit de proteína activadora";"Enfermedad de depósito (LISOSOMAL)";;"Esfingolipidosis";;;;;;;;;;;;;;;;;;;;;;;;;;;;;;;;;;;;;;;;;;;;;;;;;;;;;;
"Enfermedad de Gaucher";"Enfermedad de depósito (LISOSOMAL)";;"Esfingolipidosis";;;;;;;;;;;;;;;;;;;;;;;;;;;;;;;;;;;;;;;;;;;;;;;;;;;;;;
"Enfermedad de Gaucher por déficit del activador SAP-2";"Enfermedad de depósito (LISOSOMAL)";;"Esfingolipidosis";;;;;;;;;;;;;;;;;;;;;;;;;;;;;;;;;;;;;;;;;;;;;;;;;;;;;;
"Enfermedad de Niemann-PicK tipo A";"Enfermedad de depósito (LISOSOMAL)";;"Esfingolipidosis";;;;;;;;;;;;;;;;;;;;;;;;;;;;;;;;;;;;;;;;;;;;;;;;;;;;;;
"Enfermedad de Niemann-PicK tipo B";"Enfermedad de depósito (LISOSOMAL)";;"Esfingolipidosis";;;;;;;;;;;;;;;;;;;;;;;;;;;;;;;;;;;;;;;;;;;;;;;;;;;;;;
"Enfermedad de Niemann-PicK tipo C";"Enfermedad de depósito (LISOSOMAL)";;"Esfingolipidosis";;;;;;;;;;;;;;;;;;;;;;;;;;;;;;;;;;;;;;;;;;;;;;;;;;;;;;
"Enfermedad de Fabry";"Enfermedad de depósito (LISOSOMAL)";;"Esfingolipidosis";;;;;;;;;;;;;;;;;;;;;;;;;;;;;;;;;;;;;;;;;;;;;;;;;;;;;;
"Leucodistrofia metacromática";"Enfermedad de depósito (LISOSOMAL)";;"Esfingolipidosis";;;;;;;;;;;;;;;;;;;;;;;;;;;;;;;;;;;;;;;;;;;;;;;;;;;;;;
"Leucodistrofia metacromática por déficit de SAP-1";"Enfermedad de depósito (LISOSOMAL)";;"Esfingolipidosis";;;;;;;;;;;;;;;;;;;;;;;;;;;;;;;;;;;;;;;;;;;;;;;;;;;;;;
"Deficiencia múltiple de sulfatasas";"Enfermedad de depósito (LISOSOMAL)";;"Esfingolipidosis";;;;;;;;;;;;;;;;;;;;;;;;;;;;;;;;;;;;;;;;;;;;;;;;;;;;;;
"Leucodistrofia de Krabbe";"Enfermedad de depósito (LISOSOMAL)";;"Esfingolipidosis";;;;;;;;;;;;;;;;;;;;;;;;;;;;;;;;;;;;;;;;;;;;;;;;;;;;;;
"Mucopolisacaridosis";"Enfermedad de depósito (LISOSOMAL)";;"MUCOPOLISACARIDOSIS";;;;;;;;;;;;;;;;;;;;;;;;;;;;;;;;;;;;;;;;;"Hepatoesplenomegalia";;"Hepatoesplenomegalia";;;;;;;;;;;
"Síndromes de Hurler";"Enfermedad de depósito (LISOSOMAL)";;"MUCOPOLISACARIDOSIS";;;;;;;;;;;;;;;;;;;;;;;;;;;;;;;;;;;;;;;;;;;"Hepatoesplenomegalia";"Retraso mental";;"Valvulopatía";"Rigidez articular";;;"Facies grotesca o de gárgola";;"Opacidad de la córnea";"Sordera";
"Síndromes de Hurler";"Enfermedad de depósito (LISOSOMAL)";;"MUCOPOLISACARIDOSIS";;;;;;;;;;;;;;;;;;;;;;;;;;;;;;;;;;;;;;;;;;;"Hepatoesplenomegalia";"Retraso mental";;"Valvulopatía";"Xifosis lumbar progresiva";;;"Facies grotesca o de gárgola";;"Opacidad de la córnea";"Sordera";
"Síndromes de Hurler";"Enfermedad de depósito (LISOSOMAL)";;"MUCOPOLISACARIDOSIS";;;;;;;;;;;;;;;;;;;;;;;;;;;;;;;;;;;;;;;;;;;"Hepatoesplenomegalia";"Retraso mental";;"Valvulopatía";"Acortamiento de tronco y extremidades";;;"Facies grotesca o de gárgola";;"Opacidad de la córnea";"Sordera";
"Síndrome de Hurler-Scheie y Scheie (MPS I)";"Enfermedad de depósito (LISOSOMAL)";;"MUCOPOLISACARIDOSIS";;;;;;;;;;;;;;;;;;;;;;;;;;;;;;;;;;;;;;;;;;;;;;;;;;;;;;
"Síndrome de Hunter (MPS II)";"Enfermedad de depósito (LISOSOMAL)";;"MUCOPOLISACARIDOSIS";;;;;;;;;;;;;;;;;;;;;;;;;;;;;;;;;;;;;;;;;;;;;;;;;;;;;;
"Síndromes de Sanfilippo, A, B, C y D (MPS III A, B, C y D)";"Enfermedad de depósito (LISOSOMAL)";;"MUCOPOLISACARIDOSIS";;;;;;;;;;;;;;;;;;;;;;;;;;;;;;;;;;;;;;;;;;;;;;;;;;;;;;
"Síndromes de Morquio A y B (MPS IV A y B)";"Enfermedad de depósito (LISOSOMAL)";"1/200.000";"MUCOPOLISACARIDOSIS";;;;;;;;;;;;;;"NORMAL";"NORMAL";;;;;;;;;;;;;;;;;;;;;"Queratán sulfato";;;;"Estatura baja";"Hernia inguinal";;"Hepatomegalia";"Pérdida de la función nerviosa por debajo del cuello";;"Soplo cardíaco";"Cifoescoliosis";;;"Rasgos faciales toscos";;"Opacidad de la córnea";;
"Síndromes de Morquio A y B (MPS IV A y B)";"Enfermedad de depósito (LISOSOMAL)";"1/200.000";"MUCOPOLISACARIDOSIS";;;;;;;;;;;;;;"NORMAL";"NORMAL";;;;;;;;;;;;;;;;;;;;;"Queratán sulfato";;;;"Estatura baja";"Hernia inguinal";;"Hepatomegalia";"Pérdida de la función nerviosa por debajo del cuello";;"Soplo cardíaco";"Desarrollo anormal de huesos";;;"Macrocefalia";;"Opacidad de la córnea";;
"Síndromes de Morquio A y B (MPS IV A y B)";"Enfermedad de depósito (LISOSOMAL)";"1/200.000";"MUCOPOLISACARIDOSIS";;;;;;;;;;;;;;"NORMAL";"NORMAL";;;;;;;;;;;;;;;;;;;;;"Queratán sulfato";;;;"Estatura baja";"Hernia inguinal";;"Hepatomegalia";"Pérdida de la función nerviosa por debajo del cuello";;"Soplo cardíaco";"Tórax en forma de campana ";;;"Dientes ampliamente espaciados";;"Opacidad de la córnea";;
"Síndromes de Morquio A y B (MPS IV A y B)";"Enfermedad de depósito (LISOSOMAL)";"1/200.000";"MUCOPOLISACARIDOSIS";;;;;;;;;;;;;;"NORMAL";"NORMAL";;;;;;;;;;;;;;;;;;;;;"Queratán sulfato";;;;"Estatura baja";"Hernia inguinal";;"Hepatomegalia";"Pérdida de la función nerviosa por debajo del cuello";;"Soplo cardíaco";"Articulaciones hipermóviles";;;"Rasgos faciales toscos";;"Opacidad de la córnea";;
"Síndromes de Morquio A y B (MPS IV A y B)";"Enfermedad de depósito (LISOSOMAL)";"1/200.000";"MUCOPOLISACARIDOSIS";;;;;;;;;;;;;;"NORMAL";"NORMAL";;;;;;;;;;;;;;;;;;;;;"Queratán sulfato";;;;"Estatura baja";"Hernia inguinal";;"Hepatomegalia";"Pérdida de la función nerviosa por debajo del cuello";;"Soplo cardíaco";"Piernas en X";;;"Macrocefalia";;"Opacidad de la córnea";;
"Síndrome de Maroteaux-Lamy (MPS VI)";"Enfermedad de depósito (LISOSOMAL)";;"MUCOPOLISACARIDOSIS";;;;;;;;;;;;;;;;;;;;;;;;;;;;;;;;;;;;;;;;;;;;;;;;;;;;;;
"ß-glucuronidasa deficiencia o Síndrome de Sly (MPS VII)";"Enfermedad de depósito (LISOSOMAL)";;"MUCOPOLISACARIDOSIS";;;;;;;;;;;;;;;;;;;;;;;;;;;;;;;;;;;;;;;;;;;;;;;;;;;;;;
"a-Manosidosis";"Enfermedad de depósito (LISOSOMAL)";;"Glucoproteinosis";;;;;;;;;;;;;;;;;;;;;;;;;;;;;;;;;;;;;;;;;;;;;;;;;;;;;;
"b-Manosidosis";"Enfermedad de depósito (LISOSOMAL)";;"Glucoproteinosis";;;;;;;;;;;;;;;;;;;;;;;;;;;;;;;;;;;;;;;;;;;;;;;;;;;;;;
"a-Fucosidosis";"Enfermedad de depósito (LISOSOMAL)";;"Glucoproteinosis";;;;;;;;;;;;;;;;;;;;;;;;;;;;;;;;;;;;;;;;;;;;;;;;;;;;;;
"Sialidosis";"Enfermedad de depósito (LISOSOMAL)";;"Glucoproteinosis";;;;;;;;;;;;;;;;;;;;;;;;;;;;;;;;;;;;;;;;;;;;;;;;;;;;;;
"Galactosialidosis";"Enfermedad de depósito (LISOSOMAL)";;"Glucoproteinosis";;;;;;;;;;;;;;;;;;;;;;;;;;;;;;;;;;;;;;;;;;;;;;;;;;;;;;
"Aspartil-glucosaminuria";"Enfermedad de depósito (LISOSOMAL)";;"Glucoproteinosis";;;;;;;;;;;;;;;;;;;;;;;;;;;;;;;;;;;;;;;;"TALLA NORMAL";;;;"Deterioro neurológico progresivo";;;"Afectacion esquelética progresiva";;;"Rasgos faciales toscos";"Piel engrosada";"Miopia progresiva";"Hipoacusia perceptiva bilateral";
"Aspartil-glucosaminuria";"Enfermedad de depósito (LISOSOMAL)";;"Glucoproteinosis";;;;;;;;;;;;;;;;;;;;;;;;;;;;;;;;;;;;;;;;"TALLA NORMAL";;;;"Retraso mental";;;"Afectacion esquelética progresiva";;;"Rasgos faciales toscos";"Pliegues cutáneos colgantes";"Opacidad de la córnea";;
"Aspartil-glucosaminuria";"Enfermedad de depósito (LISOSOMAL)";;"Glucoproteinosis";;;;;;;;;;;;;;;;;;;;;;;;;;;;;;;;;;;;;;;;"TALLA NORMAL";;;;"Hiposiquismo";;;"Disostosis multiple";;;"Rasgos faciales toscos";"Acné";"Miopia progresiva";;
"Aspartil-glucosaminuria";"Enfermedad de depósito (LISOSOMAL)";;"Glucoproteinosis";;;;;;;;;;;;;;;;;;;;;;;;;;;;;;;;;;;;;;;;"TALLA NORMAL";;;;"Retraso psicomotor con regresión ";;;"Afectacion esquelética progresiva";;;"Rasgos faciales toscos";"Fotosensibilidad";"Opacidad de la córnea";;
"Aspartil-glucosaminuria";"Enfermedad de depósito (LISOSOMAL)";;"Glucoproteinosis";;;;;;;;;;;;;;;;;;;;;;;;;;;;;;;;;;;;;;;;"TALLA NORMAL";;;;"Crisis convulsivas";;;"Afectacion esquelética progresiva";;;"Rasgos faciales toscos";;;;
"Enfermedad de Schindler";"Enfermedad de depósito (LISOSOMAL)";;"Glucoproteinosis";;;;;;;;;;;;;;;;;;;;;;;;;;;;;;;;;;;;;;;;;;;;;;;;;;;;;;
"Enfermedad de las células con inclusiones (I-cell disease o Mucolipidosis II)";"Enfermedad de depósito (LISOSOMAL)";;"Defectos en el procesamiento y transporte de las hidrolasas ácidas";;;;;;;;;;;;;;;;;;;;;;;;;;;;;;;;;;;;;;;;;;;;;;;;;;;;;;
"Polidistrofia pseudo-Hurler (Mucolipidosis III)";"Enfermedad de depósito (LISOSOMAL)";;"Defectos en el procesamiento y transporte de las hidrolasas ácidas";;;;;;;;;;;;;;;;;;;;;;;;;;;;;;;;;;;;;;;;;;;;;;;;;;;;;;
"Enfermedad de Salla";"Enfermedad de depósito (LISOSOMAL)";;"Defectos en la salida de metabolitos del lisosoma por alteración de proteínas de transporte";;;;;;;;;;;;;;;;;;;;;;;;;;;;;;;;;;;;;;;;;;;;;;;;;;;;;;
"Enfermedad por almacenamiento de ácido siálico, forma infantil";"Enfermedad de depósito (LISOSOMAL)";;"Defectos en la salida de metabolitos del lisosoma por alteración de proteínas de transporte";;;;;;;;;;;;;;;;;;;;;;;;;;;;;;;;;;;;;;;;;;;;;;;;;;;;;;
"Enfermedad de Pompe (Deficiencia de a-glucosidasa) ";"Enfermedad de depósito (LISOSOMAL)";;;;;;;;;;;;;;;;;;;;;;;;;;;;;;;;;;;;;;;;;;;;;;;;;;;;;;;;
"Enfermedad de Wolman";"Enfermedad de depósito (LISOSOMAL)";;;;;;;;;;;;;;;;;;;;;;;;;;;;;;;;;;;;;;;;;;;;;;;;;;;;;;;;
"Enfermedad por almacenamiento de ésteres del colesterol";"Enfermedad de depósito (LISOSOMAL)";;;;;;;;;;;;;;;;;;;;;;;;;;;;;;;;;;;;;;;;;;;;;;;;;;;;;;;;
"Ceroide lipofuscinosis neuronal, infantil (CLN1)";"Enfermedad de depósito (LISOSOMAL)";;;;;;;;;;;;;;;;;;;;;;;;;;;;;;;;;;;;;;;;;;;;;;;;;;;;;;;;
"Ceroide lipofuscinosis neuronal, infantil tardía (CLN2)";"Enfermedad de depósito (LISOSOMAL)";;;;;;;;;;;;;;;;;;;;;;;;;;;;;;;;;;;;;;;;;;;;;;;;;;;;;;;;
"Picnodisostosis";"Enfermedad de depósito (LISOSOMAL)";;;;;;;;;;;;;;;;;;;;;;;;;;;;;;;;;;;;;;;;;;;;;;;;;;;;;;;;
"Síndrome de Zellweger (SZ)";"Enfermedad peroxisomal";;"Defecto de la b-oxidación peroxisomal (Trastornos de la biogénesis peroxisomal)";;;;;;;;;;;;;;;;;;;;;;;;"AGCML: NORMAL";;;;;;;;;;;;;;;;;;;;;;;;;;;;;;
"Adrenoleucodistrofia neonatal (ALDN)";"Enfermedad peroxisomal";;"Defecto de la b-oxidación peroxisomal (Trastornos de la biogénesis peroxisomal)";;;;;;;;;;;;;;;;;;;;;;;;"AGCML: NORMAL";;;;;;;;;;;;;;;;;;;;;;;;;;;;;;
"Enfermedad de Refsum infantil (IR)";"Enfermedad peroxisomal";;"Trastornos de la biogénesis peroxisomal";;;;;;;;;;;;;;;;;;;;;;;;;;;;;;;;;;;;;;;;;;;;;;;;;;;;;;
"Condrodisplasia punctata rizomélica autosómica recesiva (CDPR)";"Enfermedad peroxisomal";;"Trastornos de la biogénesis peroxisomal";;;;;;;;;;;;;;;;;;;;;;;;;;;;;;;;;;;;;;;;;;;;;;;;;;;;;;
"Adrenoleucodistrofia ligada al cromosoma X (X-ALD/AMN)";"Enfermedad peroxisomal";;"Defecto de la b-oxidación peroxisomal (Defectos aislados de las vías peroxisomales)";;;;;;;;;;;;;;;;;;;;;;;;"AGCML: NORMAL";;;;;;;;;;;;;;;;;;;;;;;;;;;;;;
"Pseudo adrenoleucodistrofia neonatal (PALDN)";"Enfermedad peroxisomal";;"Defectos aislados de las vías peroxisomales";;;;;;;;;;;;;;;;;;;;;;;;;;;;;;;;;;;;;;;;;;;;;;;;;;;;;;
"Deficiencia de proteína bifuncional";"Enfermedad peroxisomal";;"Defectos aislados de las vías peroxisomales";;;;;;;;;;;;;;;;;;;;;;;;;;;;;;;;;;;;;;;;;;;;;;;;;;;;;;
"Pseudo Zellweger (PSZ)";"Enfermedad peroxisomal";;"Defectos aislados de las vías peroxisomales";;;;;;;;;;;;;;;;;;;;;;;;;;;;;;;;;;;;;;;;;;;;;;;;;;;;;;
"Deficiencia de DHAPAT";"Enfermedad peroxisomal";;"Defectos aislados de las vías peroxisomales";;;;;;;;;;;;;;;;;;;;;;;;;;;;;;;;;;;;;;;;;;;;;;;;;;;;;;
"Deficiencia de alquil DHAP sintasa";"Enfermedad peroxisomal";;"Defectos aislados de las vías peroxisomales";;;;;;;;;;;;;;;;;;;;;;;;;;;;;;;;;;;;;;;;;;;;;;;;;;;;;;
"Enfermedad de Refsum clásica";"Enfermedad peroxisomal";;"Defectos aislados de las vías peroxisomales";;;;;;;;;;;;;;;;;;;;;;;;;;;;;;;;;;;;;;;;;;;;;;;;;;;;;;
"Síndrome de Smith-Lemli-Opitz (SLO)";" ";;"TRASTORNOS DEL METABOLISMO DE LOS ESTEROLES";;;;;;;;;;;;;;;;;;;;;;;;;;;;;;;;;;;;;;;;;;;;;;;;;;;;;;
"Xantomatosis Cerebrotendinosa (XCT)";" ";;"TRASTORNOS DEL METABOLISMO DE LOS ESTEROLES";;;;;;;;;;;;;;;;;;;;;;;;;;;;;;;;;;;;;;;;;;;;;;;;;;;;;;
"Desmosterolosis (DS)";" ";;"TRASTORNOS DEL METABOLISMO DE LOS ESTEROLES";;;;;;;;;;;;;;;;;;;;;;;;;;;;;;;;;;;;;;;;;;;;;;;;;;;;;;
"Condrodisplasia punctata rizomélica ligada al X dominante (CDPRX2)";" ";;"TRASTORNOS DEL METABOLISMO DE LOS ESTEROLES";;;;;;;;;;;;;;;;;;;;;;;;;;;;;;;;;;;;;;;;;;;;;;;;;;;;;;
"Síndrome CHILD";" ";;"TRASTORNOS DEL METABOLISMO DE LOS ESTEROLES";;;;;;;;;;;;;;;;;;;;;;;;;;;;;;;;;;;;;;;;;;;;;;;;;;;;;;
"Sitosterolemia (ST)";" ";;"TRASTORNOS DEL METABOLISMO DE LOS ESTEROLES";;;;;;;;;;;;;;;;;;;;;;;;;;;;;;;;;;;;;;;;;;;;;;;;;;;;;;
"Deficiencia de arginina: glicina amidinotransferasa (AGAT)";;;"DEFICIENCIAS DE CREATINA CEREBRAL";;;;;;;;;;;;;;;;;;;;;;;;;;;;;;;;;;;;;;;;;;;;;;;;;;;;;;
"Deficiencia de guanidinoacetato metiltransferasa (GAMT)";;;"DEFICIENCIAS DE CREATINA CEREBRAL";;;;;;;;;;;;;;;;;;;;;;;;;;;;;;;;;;;;;;;;;;;;;;;;;;;;;;
"Deficiencia del transportador de creatina (CrT)";;;"DEFICIENCIAS DE CREATINA CEREBRAL";;;;;;;;;;;;;;;;;;;;;;;;;;;;;;;;;;;;;;;;;;;;;;;;;;;;;;
"Deficiencia primaria de carnitina (CUD)";;;"DEFICIENCIAS DE LA ß-OXIDACIÓN MITOCONDRIAL";;;;;;;;;;;;;;;;;;;;;;;;;;;;;;;;;;;;;;;;;;;;;;;;;;;;;;
"Deficiencia de carnitina palmitoiltransferasa I (CPT-I)";;;"DEFICIENCIAS DE LA ß-OXIDACIÓN MITOCONDRIAL";;;;;;;;;;;;;;;;;;;;;;;;;;;;;;;;;;;;;;;;;;;;;;;;;;;;;;
"Deficiencia de carnitina palmitoiltransferasa II (CPT-II)";;;"DEFICIENCIAS DE LA ß-OXIDACIÓN MITOCONDRIAL";;;;;;;;;;;;;;;;;;;;;;;;;;;;;;;;;;;;;;;;;;;;;;;;;;;;;;
"Deficiencia de acil carnitina translocasa (CACT)";;;"DEFICIENCIAS DE LA ß-OXIDACIÓN MITOCONDRIAL";;;;;;;;;;;;;;;;;;;;;;;;;;;;;;;;;;;;;;;;;;;;;;;;;;;;;;
"Deficiencia de acil-CoA deshidrogenasa de cadena corta (SCAD)";;;"DEFICIENCIAS DE LA ß-OXIDACIÓN MITOCONDRIAL";;;;;;;;;;;;;;;;;;;;;;;;;;;;;;;;;;;;;;;;;;;;;;;;;;;;;;
"Déficit de β-oxidación de ácidos grasos de cadena media. Deficiencia de acil-Coa deshidrogenasa de cadena media (MCAD)";"Intoxicación";;"Forma aguda intermitente";;;;;;;;;;;;;;;;;;;;;;;;;;;;;;;;;;;;;;;;;;;;;;;;;;;;;;
"Deficiencia de acil-CoA deshidrogenasa de cadena muy larga (VLCAD)";;;"DEFICIENCIAS DE LA ß-OXIDACIÓN MITOCONDRIAL";;;;;;;;;;;;;;;;;;;;;;;;;;;;;;;;;;;;;;;;;;;;;;;;;;;;;;
"Deficiencia de 3-hidroxiacil-CoA deshidrogenasa de cadena corta (SCHAD)";;;"DEFICIENCIAS DE LA ß-OXIDACIÓN MITOCONDRIAL";;;;;;;;;;;;;;;;;;;;;;;;;;;;;;;;;;;;;;;;;;;;;;;;;;;;;;
"Deficiencia de 3-hidroxiacil-CoA deshidrogenasa de cadena larga (LCHAD)";;;"DEFICIENCIAS DE LA ß-OXIDACIÓN MITOCONDRIAL";;;;;;;;;;;;;;;;;;;;;;;;;;;;;;;;;;;;;;;;;;;;;;;;;;;;;;
"Deficiencia de proteína trifuncional (MTP)";;;"DEFICIENCIAS DE LA ß-OXIDACIÓN MITOCONDRIAL";;;;;;;;;;;;;;;;;;;;;;;;;;;;;;;;;;;;;;;;;;;;;;;;;;;;;;
"Deficiencia múltiple de deshidrogenasas (aciduria glutárica tipo II, MAD)";;;"DEFICIENCIAS DE LA ß-OXIDACIÓN MITOCONDRIAL";;;;;;;;;;;;;;;;;;;;;;;;;;;;;;;;;;;;;;;;;;;;;;;;;;;;;;
"Defectos congénitos de la N-glicosilación";;;"DEFECTOS CONGENITOS DE LA GLICOSILACIÓN (CDG)";;;;;;;;;;;;;;;;;;;;;;;;;;;;;;;;;;;;;;;;;;;;;;;;;;;;;;
"Defectos congénitos de la O-glicosilación";;;"DEFECTOS CONGENITOS DE LA GLICOSILACIÓN (CDG)";;;;;;;;;;;;;;;;;;;;;;;;;;;;;;;;;;;;;;;;;;;;;;;;;;;;;;
"Ictiosis ligada al X";;;;;;;;;;;;;;;;;;;;;;;;;;;;;;;;;;;;;;;;;;;;;;;;;;;;;;;;;
